text,intent
"hi kubot","greeting_smalltalk"
"hello","greeting_smalltalk"
"hey there","greeting_smalltalk"
"good morning kubot","greeting_smalltalk"
"good evening","greeting_smalltalk"
"hi assistant","greeting_smalltalk"
"yo kubot","greeting_smalltalk"
"nice to meet you","greeting_smalltalk"
"how are you kubot","greeting_smalltalk"
"hello i need help","greeting_smalltalk"
"hi can we talk","greeting_smalltalk"
"hey kubot","greeting_smalltalk"
"good day","greeting_smalltalk"
"hi there","greeting_smalltalk"
"hello buddy","greeting_smalltalk"
"hey whats up","greeting_smalltalk"
"hi i have a question","greeting_smalltalk"
"hello can you assist me","greeting_smalltalk"
"hi please help me","greeting_smalltalk"
"hey i need guidance","greeting_smalltalk"
"hello kubot","greeting_smalltalk"
"can you talk to me","greeting_smalltalk"
"hi i am here","greeting_smalltalk"
"good afternoon kubot","greeting_smalltalk"
"hey i need support","greeting_smalltalk"
"hi i want to know something","greeting_smalltalk"
"hello nail assistant","greeting_smalltalk"
"hi is anyone there","greeting_smalltalk"
"yo assistant","greeting_smalltalk"
"hello friend","greeting_smalltalk"
"hi whats going on","greeting_smalltalk"
"hey just checking in","greeting_smalltalk"
"hi kubot how are you","greeting_smalltalk"
"hello hope youre good","greeting_smalltalk"
"hi lets start","greeting_smalltalk"
"hey need your help","greeting_smalltalk"
"hello can you answer me","greeting_smalltalk"
"hi i have concerns","greeting_smalltalk"
"hello i want to ask","greeting_smalltalk"
"hi thank you","greeting_smalltalk"
"hey thanks","greeting_smalltalk"
"hello are you available","greeting_smalltalk"
"hi can you explain something","greeting_smalltalk"
"hello can you guide me","greeting_smalltalk"
"hey can you answer a question","greeting_smalltalk"
"hi i want info","greeting_smalltalk"
"hello just saying hi","greeting_smalltalk"
"hi im here","greeting_smalltalk"
"can you help me kubot","greeting_smalltalk"
"hey there, how's it going today?","greeting_smalltalk"
"hi kubot, what’s up?","greeting_smalltalk"
"hello! how are you?","greeting_smalltalk"
"good day kubot, how’s everything?","greeting_smalltalk"
"yo kubot, hope you're doing good","greeting_smalltalk"
"hi friend, what can you do?","greeting_smalltalk"
"hello there, nice to meet you","greeting_smalltalk"
"good morning kubot","greeting_smalltalk"
"good afternoon, kubot!","greeting_smalltalk"
"good evening, how are you kubot?","greeting_smalltalk"
"hey kubot, what’s new?","greeting_smalltalk"
"hi, just checking in","greeting_smalltalk"
"hello bot, how’s your day so far?","greeting_smalltalk"
"hey there, nice to see you","greeting_smalltalk"
"hi kubot, I’m here again","greeting_smalltalk"
"yo, what’s good kubot?","greeting_smalltalk"
"hey, can you chat with me?","greeting_smalltalk"
"hi, I just want to talk","greeting_smalltalk"
"hello kubot, ready to help?","greeting_smalltalk"
"greetings kubot, how are you today?","greeting_smalltalk"
"hi buddy, how’s life?","greeting_smalltalk"
"hello, I’m back","greeting_smalltalk"
"hey, let’s talk for a bit","greeting_smalltalk"
"hi kubot, how you doing?","greeting_smalltalk"
"hello assistant, how’s everything?","greeting_smalltalk"
"hi, can we start chatting now?","greeting_smalltalk"
"hey assistant, what’s up?","greeting_smalltalk"
"hello, I’d like to ask something","greeting_smalltalk"
"hi kubot, I need some help today","greeting_smalltalk"
"hey there, hope you’re doing well","greeting_smalltalk"
"hi, good to see you again","greeting_smalltalk"
"hello kubot, good to chat again","greeting_smalltalk"
"hey pal, how’s your day?","greeting_smalltalk"
"hi bot, how are you feeling?","greeting_smalltalk"
"hello kubot, ready when you are","greeting_smalltalk"
"hi, hope you can assist me","greeting_smalltalk"
"hey assistant, let’s chat","greeting_smalltalk"
"hello friend, need your help","greeting_smalltalk"
"hi kubot, what’s happening today?","greeting_smalltalk"
"sup kubot?","greeting_smalltalk"
"hey kubot, are you there?","greeting_smalltalk"
"hi there kubot, long time no see","greeting_smalltalk"
"hello again, i’m back for more help","greeting_smalltalk"
"hey, glad to see you online","greeting_smalltalk"
"hi kubot, can we chat for a moment","greeting_smalltalk"
"hello there, i hope youre doing well","greeting_smalltalk"
"hey bot, nice to see you again","greeting_smalltalk"
"hi, i’m happy to talk with you","greeting_smalltalk"
"hello kubot, i missed chatting with you","greeting_smalltalk"
"hey, good to connect with you again","greeting_smalltalk"
"hi there assistant, ready to help me out?","greeting_smalltalk"
"hello, thanks for being here for me","greeting_smalltalk"
"hey kubot, can you keep me company?","greeting_smalltalk"
"hi, i feel like talking to you today","greeting_smalltalk"
"hello there, can we have a quick chat?","greeting_smalltalk"
"hey, i just dropped by to say hi","greeting_smalltalk"
"hi kubot, nice to see you here","greeting_smalltalk"
"hello assistant, good to see you online","greeting_smalltalk"
"hey buddy, can we talk a little?","greeting_smalltalk"
"hi there, thanks for chatting with me","greeting_smalltalk"
"hey kubot, can we talk for a while","greeting_smalltalk"
"hi there, just wanted to say hello","greeting_smalltalk"
"hello kubot, glad to see you again","greeting_smalltalk"
"hey assistant, nice to chat with you","greeting_smalltalk"
"hi kubot, i’m here to ask something","greeting_smalltalk"

"what does yellow nail mean","nail_condition_info"
"why are my nails ridged","nail_condition_info"
"what causes nail pitting","nail_condition_info"
"why are my nails brittle","nail_condition_info"
"what does nail clubbing indicate","nail_condition_info"
"what causes brown nail discoloration","nail_condition_info"
"why do i have white spots on nails","nail_condition_info"
"what does a dark streak on nails mean","nail_condition_info"
"are horizontal nail lines serious","nail_condition_info"
"what does thick toenail mean","nail_condition_info"
"what are unhealthy nail symptoms","nail_condition_info"
"why do my nails peel","nail_condition_info"
"what does spoon shaped nails imply","nail_condition_info"
"what does nail separation mean","nail_condition_info"
"why are nails turning blue","nail_condition_info"
"what causes red streaks on nails","nail_condition_info"
"are curved nails normal","nail_condition_info"
"why do nails change texture","nail_condition_info"
"what does rough nail surface indicate","nail_condition_info"
"is nail discoloration dangerous","nail_condition_info"
"what does melanoma on nails look like","nail_condition_info"
"why do i see dents in my nails","nail_condition_info"
"what causes soft nails","nail_condition_info"
"why is my nail thick and curved","nail_condition_info"
"what does pale nails mean","nail_condition_info"
"why are my nails turning black","nail_condition_info"
"are brittle nails a deficiency sign","nail_condition_info"
"what causes nail deformity","nail_condition_info"
"why is only one nail damaged","nail_condition_info"
"what does yellow thick nail indicate","nail_condition_info"
"what does nail splitting mean","nail_condition_info"
"why is there a ridge down my nail","nail_condition_info"
"what does greenish nail mean","nail_condition_info"
"why do my nails have bumps","nail_condition_info"
"what does bluish nail color mean","nail_condition_info"
"are dents in nails normal","nail_condition_info"
"why do nails grow weird","nail_condition_info"
"what does nail lifting suggest","nail_condition_info"
"why is my nail surface uneven","nail_condition_info"
"what causes nail thickening","nail_condition_info"
"why do my nails suddenly turn yellow","nail_condition_info"
"what does a straight ridge indicate","nail_condition_info"
"why is there a dot on my nail","nail_condition_info"
"what causes nail swelling","nail_condition_info"
"why are my nails fragile","nail_condition_info"
"what does brown line on nail imply","nail_condition_info"
"why is only one nail thick","nail_condition_info"
"what causes wavy nails","nail_condition_info"
"why are my nails rough","nail_condition_info"
"what does a yellowish nail indicate?","nail_condition_info"
"why do my nails have ridges?","nail_condition_info"
"what does clubbing look like?","nail_condition_info"
"explain what pitting in nails means","nail_condition_info"
"how does onychogryphosis appear?","nail_condition_info"
"what can cause discoloration in nails?","nail_condition_info"
"why are my nails brittle?","nail_condition_info"
"can nail conditions show health issues?","nail_condition_info"
"what does melanoma under the nail look like?","nail_condition_info"
"signs of fungal infections in nails?","nail_condition_info"
"what are symptoms of nail inflammation?","nail_condition_info"
"what does a healthy nail look like?","nail_condition_info"
"why do nails become thick and curved?","nail_condition_info"
"what causes dents in fingernails?","nail_condition_info"
"how do I identify nail diseases?","nail_condition_info"
"why do nails turn brown or black?","nail_condition_info"
"what does lifting of the nail plate mean?","nail_condition_info"
"are vertical ridges normal?","nail_condition_info"
"can nail conditions indicate systemic diseases?","nail_condition_info"
"what does spoon-shaped nails imply?","nail_condition_info"
"why is my nail growing strangely?","nail_condition_info"
"what does white streaking on nails mean?","nail_condition_info"
"explain thickened nails causes","nail_condition_info"
"why would my nail detach slightly?","nail_condition_info"
"how can I tell if my nail is infected?","nail_condition_info"
"does nail color reflect my health?","nail_condition_info"
"what causes dark vertical bands on nails?","nail_condition_info"
"can vitamin deficiency affect nails?","nail_condition_info"
"what does nail brittleness indicate?","nail_condition_info"
"why do nails peel easily?","nail_condition_info"
"should I worry about nail lines?","nail_condition_info"
"what are common nail abnormalities?","nail_condition_info"
"is nail clubbing dangerous?","nail_condition_info"
"what does inflammation around nails mean?","nail_condition_info"
"can stress affect nail appearance?","nail_condition_info"
"how do I know if a nail condition is serious?","nail_condition_info"
"what are early signs of nail melanoma?","nail_condition_info"
"why do my nails turn weird colors?","nail_condition_info"
"what causes nail grooves?","nail_condition_info"
"impact of diseases on nails?","nail_condition_info"
"can nail fungus spread to other nails","nail_condition_info"
"what is the difference between nail fungus and mold","nail_condition_info"
"how can i tell if my nail is bruised or infected","nail_condition_info"
"are black lines on nails always a bad sign","nail_condition_info"
"can nail conditions cause pain or just look abnormal","nail_condition_info"
"what early signs show a nail infection starting","nail_condition_info"
"how long does it take for a damaged nail to grow out","nail_condition_info"
"can shoes or trauma cause nail discoloration","nail_condition_info"
"how do i know if my thick nail is from fungus or injury","nail_condition_info"
"do nail changes always mean a medical problem","nail_condition_info"
"can nail conditions improve on their own","nail_condition_info"
"what nail symptoms mean i should see a dermatologist","nail_condition_info"
"how can i spot the difference between normal ridges and disease","nail_condition_info"
"does nail pain usually mean an active infection","nail_condition_info"
"can nail problems be related to diabetes or circulation issues","nail_condition_info"
"what does it mean if the skin around my nail is red and swollen","nail_condition_info"
"are small dark dots under the nail something to worry about","nail_condition_info"
"how can i recognize a chronic nail condition versus a temporary change","nail_condition_info"
"can frequent manicures or polish cause nail damage signs","nail_condition_info"
"what kinds of nail changes are considered warning signs for cancer","nail_condition_info"
"my nail turned yellow and thick, what does it mean","nail_condition_info"
"there is a dark line on my nail, should i worry","nail_condition_info"
"my nails are brittle and peeling, what could cause that","nail_condition_info"
"why is the skin around my nail red and swollen","nail_condition_info"
"my nail changed color suddenly, what does that indicate","nail_condition_info"


"how do i scan my nails","app_navigation"
"where can i see my scan history","app_navigation"
"how do i open my profile","app_navigation"
"how do i change my profile picture","app_navigation"
"how do i log out","app_navigation"
"where do i find the about us page","app_navigation"
"how do i return to dashboard","app_navigation"
"how do i start a new scan","app_navigation"
"where is the upload button","app_navigation"
"how do i navigate the app","app_navigation"
"how do i access the chatbot","app_navigation"
"how do i switch to history tab","app_navigation"
"where can i edit my information","app_navigation"
"how do i delete a scan","app_navigation"
"how do i check health tips","app_navigation"
"how do i enable dark mode","app_navigation"
"can i update my account info","app_navigation"
"where is the scan button","app_navigation"
"how do i find my latest scan","app_navigation"
"how do i see detailed results","app_navigation"
"is there a help section","app_navigation"
"how do i refresh the dashboard","app_navigation"
"how do i go back","app_navigation"
"where is the settings page","app_navigation"
"how do i reset my data","app_navigation"
"how do i change app language","app_navigation"
"how do i access recommendations","app_navigation"
"how do i reopen my last scan","app_navigation"
"where is my profile","app_navigation"
"how do i sign out","app_navigation"
"how do i view saved scans","app_navigation"
"how do i find notifications","app_navigation"
"how do i contact support","app_navigation"
"where do i find app info","app_navigation"
"how do i update my birthday","app_navigation"
"how do i check my stats","app_navigation"
"where is the home page","app_navigation"
"how do i change my name","app_navigation"
"how do i switch screens","app_navigation"
"where do i check app version","app_navigation"
"how do i open the menu","app_navigation"
"how do i return to previous page","app_navigation"
"how do i go to scan page","app_navigation"
"where is the camera option","app_navigation"
"how do i change password","app_navigation"
"how do i see history details","app_navigation"
"how do i navigate tabs","app_navigation"
"how do i check my profile stats","app_navigation"
"where do i find my recent scans","app_navigation"
"how do I navigate to the scan page?","app_navigation"
"where can I check my scan history?","app_navigation"
"how do I return to the dashboard?","app_navigation"
"which button opens the chatbot?","app_navigation"
"how can I view my previous results?","app_navigation"
"where do I change my profile info?","app_navigation"
"how do I access the profile page?","app_navigation"
"where is the health tips section?","app_navigation"
"how do I start a new scan?","app_navigation"
"what icon lets me chat with kubot?","app_navigation"
"how can I find the FAQs?","app_navigation"
"how do I get back to home?","app_navigation"
"where is the option to upload an image?","app_navigation"
"how do I check my past scans?","app_navigation"
"how do I open the settings?","app_navigation"
"where do I find the about page?","app_navigation"
"how do I switch to the scan camera?","app_navigation"
"how do I access quick answers?","app_navigation"
"where can I view my previous detections?","app_navigation"
"how do I navigate to the learning materials?","app_navigation"
"how do I get to the chatbot suggestions?","app_navigation"
"which section shows recent activity?","app_navigation"
"how do I log out of the app?","app_navigation"
"where is the scan button located?","app_navigation"
"how do I refresh the dashboard?","app_navigation"
"how can I review old results?","app_navigation"
"where is the main menu?","app_navigation"
"how do I use the navigation bar?","app_navigation"
"how do I open my history tab?","app_navigation"
"where can I find quick prompts?","app_navigation"
"how do I get to my account details?","app_navigation"
"where is the help section?","app_navigation"
"how do I get to the home interface?","app_navigation"
"how do I check my saved results?","app_navigation"
"how do I open the scanning interface?","app_navigation"
"which area contains nail info?","app_navigation"
"how do I return to previous page?","app_navigation"
"where do I find kubot features?","app_navigation"
"how do I locate chatbot history?","app_navigation"
"how do I navigate through the app?","app_navigation"
"how do i get to the nail scanner screen","app_navigation"
"where can i tap to begin a new nail scan","app_navigation"
"how do i move from history back to the scan page","app_navigation"
"which option lets me open my profile details","app_navigation"
"how do i reach the page with my account settings","app_navigation"
"where do i go to manage my personal information","app_navigation"
"how can i quickly jump to my latest result page","app_navigation"
"where is the shortcut to open scan history","app_navigation"
"how do i switch from scan view to profile view","app_navigation"
"which button takes me to notifications center","app_navigation"
"how do i open the screen with learning resources","app_navigation"
"where do i tap to see all my previous detections","app_navigation"
"how do i access the section that shows my stats","app_navigation"
"how can i return to the main home screen from here","app_navigation"
"which menu item takes me to support or help","app_navigation"
"how do i find the option to edit my profile image","app_navigation"
"where can i see an overview of all my scans","app_navigation"
"how do i open the part of the app with nail education","app_navigation"
"how do i navigate from profile back to dashboard","app_navigation"
"which tab should i select to start using the scanner","app_navigation"
"how do i open the nail scanner from the home screen","app_navigation"
"where can i tap to see my previous results","app_navigation"
"how do i go from dashboard to my profile page","app_navigation"
"where is the button to upload a nail photo","app_navigation"
"how do i navigate back from history to the main screen","app_navigation"

"my scan result says clubbing what does that mean","scan_result_explanation"
"the scan detected melanoma can you explain","scan_result_explanation"
"my scan shows healthy nail what does that mean","scan_result_explanation"
"why did the result show high risk","scan_result_explanation"
"what does moderate risk imply in my scan","scan_result_explanation"
"the app labeled my nail as pitting explain","scan_result_explanation"
"my scan says onychogryphosis what is that","scan_result_explanation"
"why did my scan confidence change","scan_result_explanation"
"what does confidence score mean","scan_result_explanation"
"why is my result marked unknown","scan_result_explanation"
"please explain my recent scan result","scan_result_explanation"
"why does the app think my nail is unhealthy","scan_result_explanation"
"how should i interpret my result","scan_result_explanation"
"why is my scan labeled moderate","scan_result_explanation"
"the risk is low does that mean im safe","scan_result_explanation"
"does high confidence mean accuracy","scan_result_explanation"
"my scan changed after rescanning explain","scan_result_explanation"
"the app detected discoloration why","scan_result_explanation"
"what does healthy result confirm","scan_result_explanation"
"is melanoma detection reliable","scan_result_explanation"
"why is my nail result different now","scan_result_explanation"
"can you explain the labeled condition","scan_result_explanation"
"what does the model see in my nail","scan_result_explanation"
"why is the risk color red","scan_result_explanation"
"why is my scan yellow coded","scan_result_explanation"
"what determines the risk level","scan_result_explanation"
"why does result say moderate risk","scan_result_explanation"
"what does severe result mean","scan_result_explanation"
"how does the system label nails","scan_result_explanation"
"why did the model predict clubbing","scan_result_explanation"
"does healthy mean normal","scan_result_explanation"
"why does the app think it's pitting","scan_result_explanation"
"what does the label imply","scan_result_explanation"
"is the classification correct","scan_result_explanation"
"how do i know if the result is true","scan_result_explanation"
"why is confidence low","scan_result_explanation"
"why is confidence high","scan_result_explanation"
"should i worry about this result","scan_result_explanation"
"why does my result look odd","scan_result_explanation"
"what does the scan mean","scan_result_explanation"
"why does it say abnormal","scan_result_explanation"
"what does app see in my nail photo","scan_result_explanation"
"why is the result interpretation like that","scan_result_explanation"
"what do these colors mean","scan_result_explanation"
"why am i seeing this risk level","scan_result_explanation"
"how to understand my scan","scan_result_explanation"
"why did the scan highlight the area","scan_result_explanation"
"what does this prediction mean","scan_result_explanation"
"why is the label this condition","scan_result_explanation"
"can you interpret my scan result","scan_result_explanation"
"what does the risk percentage in my scan mean","scan_result_explanation"
"my scan shows a high risk label what does it indicate","scan_result_explanation"
"why is my scan classified as pitting","scan_result_explanation"
"can you explain why the system predicted clubbing","scan_result_explanation"
"what does the melanoma detection in my scan mean","scan_result_explanation"
"why does my result say onychogryphosis","scan_result_explanation"
"my scan has a low confidence score why","scan_result_explanation"
"what does a high confidence value mean in my scan","scan_result_explanation"
"the result says moderate severity what does that imply","scan_result_explanation"
"can you help me understand the result my scan gave","scan_result_explanation"
"what does the yellow marker on the analysis screen represent","scan_result_explanation"
"the scan result seems unclear can you explain it","scan_result_explanation"
"why does the result show abnormal nail features","scan_result_explanation"
"my scan shows a warning icon what does that mean","scan_result_explanation"
"the model predicted something unusual explain it","scan_result_explanation"
"i don’t understand the detected condition can you clarify","scan_result_explanation"
"what does the text under the scan image mean","scan_result_explanation"
"why did the risk level shift from low to moderate","scan_result_explanation"
"can you explain the confidence breakdown in my scan","scan_result_explanation"
"my scan result looks different from last time why","scan_result_explanation"
"what is the reason behind the predicted condition","scan_result_explanation"
"why is the color indicator next to my result red","scan_result_explanation"
"the scan says mild abnormality what does it mean","scan_result_explanation"
"why did my scan get labeled as unhealthy","scan_result_explanation"
"can you talk about what the detected patterns mean","scan_result_explanation"
"what does the output summary of my scan suggest","scan_result_explanation"
"the scan rated my nail as abnormal explain that","scan_result_explanation"
"why does it show a score next to the prediction","scan_result_explanation"
"can you simplify what the result means for me","scan_result_explanation"
"why does the scan say healthy even though my nail looks weird","scan_result_explanation"
"why does the prediction show uncertainty","scan_result_explanation"
"what does the probability value beside my result mean","scan_result_explanation"
"my scan flagged a potential issue what is it referring to","scan_result_explanation"
"can you explain what the scanner sees in my nail","scan_result_explanation"
"the analysis bar is orange what does that represent","scan_result_explanation"
"my result description confuses me please explain","scan_result_explanation"
"how do i interpret the condition my scan detected","scan_result_explanation"
"the scan’s explanation is unclear can you elaborate","scan_result_explanation"
"why does my scan look different from similar scans online","scan_result_explanation"
"my scan result says mild risk what does that actually mean","scan_result_explanation"
"can you explain why the scan marked my nail as suspicious","scan_result_explanation"
"what does the warning triangle next to my result indicate","scan_result_explanation"
"why does my result say possible nail disease instead of clear","scan_result_explanation"
"the scan says low probability of disease how should i read that","scan_result_explanation"
"what is the meaning of the description text under my result title","scan_result_explanation"
"why did the system highlight one part of my nail in the image","scan_result_explanation"
"what does it mean if my scan shows mixed features in the summary","scan_result_explanation"
"the analysis says pattern suggests infection what does that imply","scan_result_explanation"
"why does my result show both healthy and suspicious areas","scan_result_explanation"
"can you break down what each line in the result summary means","scan_result_explanation"
"what does it mean that the scan is inconclusive for my nail","scan_result_explanation"
"why did the app label my scan as needing follow up","scan_result_explanation"
"my result shows borderline changes what does that tell me","scan_result_explanation"
"what does the phrase possible abnormality in the scan report mean","scan_result_explanation"
"why is my result tagged with early changes instead of normal","scan_result_explanation"
"can you explain how to read the bars and scores on my result screen","scan_result_explanation"
"the scan shows subtle abnormalities what does that really mean","scan_result_explanation"
"what does it mean when the result suggests monitoring the nail","scan_result_explanation"
"why does the explanation say findings are compatible with nail disease","scan_result_explanation"
"my scan result says high risk, can you explain it","scan_result_explanation"
"the result says low risk, what does that really mean","scan_result_explanation"
"the app labeled my nail as abnormal, what does that mean","scan_result_explanation"
"my scan shows melanoma suspicion, can you clarify","scan_result_explanation"
"the confidence score is low, why did the app say that","scan_result_explanation"


"what diseases can this app detect","faq_capabilities"
"what can kucognition scan","faq_capabilities"
"can the app detect melanoma","faq_capabilities"
"can it detect clubbing","faq_capabilities"
"what conditions are included","faq_capabilities"
"does it scan for pitting","faq_capabilities"
"does it detect fungal infections","faq_capabilities"
"can it analyze nail texture","faq_capabilities"
"does it check for deficiencies","faq_capabilities"
"what can the ai identify","faq_capabilities"
"can it read nail discoloration","faq_capabilities"
"what health issues can it flag","faq_capabilities"
"what abnormalities does it detect","faq_capabilities"
"does it detect thick nails","faq_capabilities"
"can it check nail ridges","faq_capabilities"
"does it detect swelling","faq_capabilities"
"what nail features does it analyze","faq_capabilities"
"can it scan toenails","faq_capabilities"
"can it detect infections","faq_capabilities"
"does it detect cancer signs","faq_capabilities"
"can the app determine severity","faq_capabilities"
"what results can it give","faq_capabilities"
"does it notice texture changes","faq_capabilities"
"can it detect early symptoms","faq_capabilities"
"what nail issues does it evaluate","faq_capabilities"
"does it identify abnormalities","faq_capabilities"
"what medical signs can it find","faq_capabilities"
"can it detect vitamin deficiency","faq_capabilities"
"does it check for nail trauma","faq_capabilities"
"can it detect curves","faq_capabilities"
"does it detect brittle nails","faq_capabilities"
"can it identify nail spots","faq_capabilities"
"does it classify nail types","faq_capabilities"
"can it detect unknown issues","faq_capabilities"
"what categories can it label","faq_capabilities"
"can it scan for systemic disease signs","faq_capabilities"
"does it show risk levels","faq_capabilities"
"what patterns does it detect","faq_capabilities"
"can it detect early melanoma","faq_capabilities"
"does it detect deformities","faq_capabilities"
"can it see pressure marks","faq_capabilities"
"does it detect nail dents","faq_capabilities"
"what does it analyze visually","faq_capabilities"
"can it detect nail separation","faq_capabilities"
"does it identify corrosion","faq_capabilities"
"can it detect nail stress","faq_capabilities"
"can it detect cyanosis","faq_capabilities"
"does it flag abnormalities","faq_capabilities"
"what are its detection limits","faq_capabilities"
"what features does this app offer?","faq_capabilities"
"what can kubot help me with?","faq_capabilities"
"what abilities does the bot have?","faq_capabilities"
"what topics can kubot answer?","faq_capabilities"
"what functions does kucognition provide?","faq_capabilities"
"what are the main app features?","faq_capabilities"
"what services does this app include?","faq_capabilities"
"how can kubot assist with nail health?","faq_capabilities"
"what does the chatbot specialize in?","faq_capabilities"
"what can the system analyze?","faq_capabilities"
"what information can kubot give me?","faq_capabilities"
"what tasks can kubot perform?","faq_capabilities"
"what does the ai assistant help with?","faq_capabilities"
"what does kucognition do?","faq_capabilities"
"what is kubot capable of?","faq_capabilities"
"what does this app help with?","faq_capabilities"
"what can I ask kubot?","faq_capabilities"
"what can the system detect?","faq_capabilities"
"what support does the bot provide?","faq_capabilities"
"what can kucognition identify?","faq_capabilities"
"what guidance can kubot give?","faq_capabilities"
"what health insights can the app show?","faq_capabilities"
"what type of questions can I ask?","faq_capabilities"
"what can I expect from kubot?","faq_capabilities"
"what conditions can kubot talk about?","faq_capabilities"
"what knowledge does kubot have?","faq_capabilities"
"what can this ai explain?","faq_capabilities"
"what are kubot’s main functions?","faq_capabilities"
"what answers can kubot provide?","faq_capabilities"
"what does kubot focus on?","faq_capabilities"
"what support does kucognition offer?","faq_capabilities"
"what assistance can kubot give me?","faq_capabilities"
"what kind of help does the app offer?","faq_capabilities"
"what health info can kubot provide?","faq_capabilities"
"what tasks can the ai handle?","faq_capabilities"
"what does kubot mainly help with?","faq_capabilities"
"what kind of questions does kubot support?","faq_capabilities"
"what nail issues can kubot explain?","faq_capabilities"
"what app tools are available?","faq_capabilities"
"what does the system mainly do?","faq_capabilities"
"can this app scan both hands and feet","faq_capabilities"
"does the system work with close up nail photos","faq_capabilities"
"can the app analyze low quality images","faq_capabilities"
"does kucognition support multiple nail scans in one session","faq_capabilities"
"can the ai compare my current nail to an older photo","faq_capabilities"
"does the app highlight suspicious areas on the nail image","faq_capabilities"
"can this tool show trends in my nail health over time","faq_capabilities"
"does the system provide basic education about detected conditions","faq_capabilities"
"can the app handle very dark nail polish or coverings","faq_capabilities"
"does kucognition work for both fingernails and toenails equally","faq_capabilities"
"can the ai distinguish between injury and disease in nails","faq_capabilities"
"does the app focus only on nails or also skin around them","faq_capabilities"
"can the system give suggestions on what to do next","faq_capabilities"
"does the app support taking multiple photos of the same nail","faq_capabilities"
"can this tool help me monitor if my nail is improving","faq_capabilities"
"does the ai point out which nail features look abnormal","faq_capabilities"
"can the app show a summary of all possible conditions","faq_capabilities"
"does the system detect both mild and severe nail changes","faq_capabilities"
"can kucognition assist non medical users in understanding results","faq_capabilities"
"does the app give general advice based on the detected condition","faq_capabilities"
"what nail diseases can kucognition detect","faq_capabilities"
"what kinds of nail problems can this app analyze","faq_capabilities"
"can this system detect early signs of nail cancer","faq_capabilities"
"does kubot talk about different nail conditions","faq_capabilities"
"what nail issues does the ai focus on","faq_capabilities"

"how accurate is this app","faq_accuracy"
"is the ai reliable","faq_accuracy"
"how trustworthy are the results","faq_accuracy"
"can i rely on the scan","faq_accuracy"
"is the prediction correct","faq_accuracy"
"how much confidence should i have","faq_accuracy"
"does the app misclassify","faq_accuracy"
"can the results be wrong","faq_accuracy"
"how certain is the model","faq_accuracy"
"is the detection precise","faq_accuracy"
"does it have high accuracy","faq_accuracy"
"is the model tested","faq_accuracy"
"how accurate is the melanoma detection","faq_accuracy"
"does it give false readings","faq_accuracy"
"can the model be mistaken","faq_accuracy"
"does accuracy change","faq_accuracy"
"how consistent are the predictions","faq_accuracy"
"why is confidence low sometimes","faq_accuracy"
"why is confidence high sometimes","faq_accuracy"
"is the output stable","faq_accuracy"
"can the app guarantee correctness","faq_accuracy"
"how do i know if it’s accurate","faq_accuracy"
"does lighting affect accuracy","faq_accuracy"
"do angles affect detection","faq_accuracy"
"how reliable is nail detection","faq_accuracy"
"can the system fail to detect issues","faq_accuracy"
"does the ai improve over time","faq_accuracy"
"how well was the model trained","faq_accuracy"
"what is the accuracy percentage","faq_accuracy"
"is the validation accurate","faq_accuracy"
"does it work on all skin tones","faq_accuracy"
"does it work on all nail types","faq_accuracy"
"can noise affect predictions","faq_accuracy"
"do blurry images reduce accuracy","faq_accuracy"
"how stable is the algorithm","faq_accuracy"
"does retraining improve it","faq_accuracy"
"is the model clinically accurate","faq_accuracy"
"can results vary often","faq_accuracy"
"is the app medically approved","faq_accuracy"
"how confident is the classifier","faq_accuracy"
"does it detect small changes","faq_accuracy"
"is risk level accurate","faq_accuracy"
"how accurate is classification","faq_accuracy"
"can environmental settings affect accuracy","faq_accuracy"
"how well does the model generalize","faq_accuracy"
"does the model learn continuously","faq_accuracy"
"how is accuracy calculated","faq_accuracy"
"do errors happen often","faq_accuracy"
"how accurate is the scan result?","faq_accuracy"
"how reliable is the detection?","faq_accuracy"
"is the diagnosis precise?","faq_accuracy"
"can I trust the scan confidence score?","faq_accuracy"
"how often does the model get it right?","faq_accuracy"
"what is the accuracy level of the system?","faq_accuracy"
"does kucognition give correct results?","faq_accuracy"
"how confident should I be in the output?","faq_accuracy"
"how dependable are the app predictions?","faq_accuracy"
"does the ai detect conditions accurately?","faq_accuracy"
"how trustworthy is the detection system?","faq_accuracy"
"how strong is the prediction confidence?","faq_accuracy"
"are the nail results clinically accurate?","faq_accuracy"
"how stable is the model’s output?","faq_accuracy"
"how good is the model at identifying issues?","faq_accuracy"
"what is the precision of the scan?","faq_accuracy"
"can the results be considered reliable?","faq_accuracy"
"how sure is the ai about its findings?","faq_accuracy"
"how valid is the output percentage?","faq_accuracy"
"does the model give consistent results?","faq_accuracy"
"how credible are the detections?","faq_accuracy"
"does kubot explain accuracy well?","faq_accuracy"
"are the predictions high quality?","faq_accuracy"
"can you tell me the confidence reliability?","faq_accuracy"
"how certain is the scan output?","faq_accuracy"
"what is the model’s success rate?","faq_accuracy"
"how good is the ai at nail classification?","faq_accuracy"
"how trustworthy are nail readings?","faq_accuracy"
"how well does the model interpret scans?","faq_accuracy"
"can the result be wrong sometimes?","faq_accuracy"
"how confident is the app when scanning?","faq_accuracy"
"how much can I rely on the scan data?","faq_accuracy"
"does the system ensure accuracy?","faq_accuracy"
"how stable is the confidence rate?","faq_accuracy"
"are the results checked for correctness?","faq_accuracy"
"how effective is the ai at detecting conditions?","faq_accuracy"
"do users get accurate scan results?","faq_accuracy"
"can you describe the model's reliability?","faq_accuracy"
"how sharp is the prediction accuracy?","faq_accuracy"
"is the confidence score meaningful?","faq_accuracy"
"on a scale from one to ten how accurate is this system","faq_accuracy"
"how often does the scan misjudge a nail condition","faq_accuracy"
"are there many false alarms in the detection results","faq_accuracy"
"how likely is the app to miss a serious problem","faq_accuracy"
"does the accuracy drop if the lighting is very poor","faq_accuracy"
"how reliable are the results when my nail is partially covered","faq_accuracy"
"does taking more than one photo make the result more accurate","faq_accuracy"
"how much testing was done to verify the scan quality","faq_accuracy"
"are the model predictions backed by real world evaluation","faq_accuracy"
"how well does the accuracy hold up across different users","faq_accuracy"
"is the system equally accurate for all supported conditions","faq_accuracy"
"does the model sometimes overestimate the risk level","faq_accuracy"
"how often are users told the wrong condition by mistake","faq_accuracy"
"does the scan accuracy change if the nail is very small in the picture","faq_accuracy"
"how close are the app results to a real medical assessment","faq_accuracy"
"was the classifier validated on many different nail types","faq_accuracy"
"does the system show any information about error rates","faq_accuracy"
"how stable are the predictions if i scan the same nail repeatedly","faq_accuracy"
"can the ai still be considered reliable when confidence is medium","faq_accuracy"
"how much should i trust the detection when conditions look subtle","faq_accuracy"
"how accurate is kucognition in real use","faq_accuracy"
"can i trust the scan result to be correct","faq_accuracy"
"how reliable are the predictions from this app","faq_accuracy"
"does the ai sometimes make wrong classifications","faq_accuracy"
"how was the model’s accuracy tested and validated","faq_accuracy"

"i am scared about my nails","emotion_support"
"im worried about the scan result","emotion_support"
"this makes me anxious","emotion_support"
"im afraid something is wrong","emotion_support"
"im nervous about the result","emotion_support"
"i feel stressed about my nails","emotion_support"
"im panicking about what i saw","emotion_support"
"this result worries me","emotion_support"
"im scared it might be serious","emotion_support"
"i feel uneasy about the scan","emotion_support"
"im really concerned","emotion_support"
"i feel something is wrong","emotion_support"
"im anxious about my health","emotion_support"
"im worried this is dangerous","emotion_support"
"i feel scared about melanoma","emotion_support"
"this is stressing me out","emotion_support"
"im terrified of the result","emotion_support"
"im worried about the condition","emotion_support"
"i feel overwhelmed","emotion_support"
"im nervous something is off","emotion_support"
"i feel uneasy","emotion_support"
"im panicking","emotion_support"
"i cant stop thinking about it","emotion_support"
"i feel sick from worrying","emotion_support"
"im scared to check again","emotion_support"
"my anxiety is high","emotion_support"
"im afraid to know more","emotion_support"
"im worried its something bad","emotion_support"
"i feel emotional over this","emotion_support"
"im scared of the diagnosis","emotion_support"
"i feel uncomfortable","emotion_support"
"im worried i have melanoma","emotion_support"
"im scared about the risk","emotion_support"
"i feel nervous","emotion_support"
"this is making me panic","emotion_support"
"im frightened","emotion_support"
"i feel lost","emotion_support"
"im scared of the prediction","emotion_support"
"im uneasy about the reading","emotion_support"
"i feel extremely anxious","emotion_support"
"im worried it’s incorrect","emotion_support"
"i feel uncertain","emotion_support"
"im scared to read the result","emotion_support"
"im stressed about my nail","emotion_support"
"i feel very nervous","emotion_support"
"im scared its getting worse","emotion_support"
"this result shocked me","emotion_support"
"im feeling hopeless","emotion_support"
"i feel scared about this outcome","emotion_support"
"im uncomfortable with the result","emotion_support"
"i’m worried about my nail result","emotion_support"
"i feel anxious about what the scan showed","emotion_support"
"i’m scared something is wrong with my health","emotion_support"
"i feel nervous about my nails’ appearance","emotion_support"
"i’m stressed about the scan findings","emotion_support"
"this result makes me uneasy","emotion_support"
"i’m scared this might be serious","emotion_support"
"i feel overwhelmed about my nail condition","emotion_support"
"i’m nervous the scan means something bad","emotion_support"
"i’m afraid of the result","emotion_support"
"this situation worries me a lot","emotion_support"
"i feel tense about what i saw","emotion_support"
"i’m not sure if i should be scared","emotion_support"
"i’m feeling uneasy about my nails","emotion_support"
"i’m stressed something might be wrong","emotion_support"
"i’m afraid this condition is serious","emotion_support"
"i’m feeling anxious right now","emotion_support"
"the scan result is making me panic","emotion_support"
"i’m worried something bad will happen","emotion_support"
"i’m concerned about the meaning of this","emotion_support"
"i feel afraid seeing this result","emotion_support"
"i’m unsure what to do and feel scared","emotion_support"
"i’m nervous about my health condition","emotion_support"
"i feel uncomfortable with the result","emotion_support"
"i’m scared and don’t know what it means","emotion_support"
"i’m worried the outcome is dangerous","emotion_support"
"i feel unsettled looking at my nails","emotion_support"
"i’m troubled by the scan result","emotion_support"
"i feel emotionally stressed about this","emotion_support"
"i’m anxious something is really wrong","emotion_support"
"i feel worried and confused","emotion_support"
"i’m panicking about the scan output","emotion_support"
"i feel scared about what happens next","emotion_support"
"i’m very concerned about my nail health","emotion_support"
"this whole situation stresses me out","emotion_support"
"i’m feeling fear after seeing the condition","emotion_support"
"this result is making me emotionally upset","emotion_support"
"i don’t know what to feel, i’m anxious","emotion_support"
"i’m afraid and unsure what to think","emotion_support"
"my anxiety is going up because of this","emotion_support"
"i feel like crying over this","emotion_support"
"i’m really scared and need someone to talk to","emotion_support"
"this whole nail issue is draining me emotionally","emotion_support"
"i feel so worried i cant relax","emotion_support"
"i’m afraid to look at my nail again","emotion_support"
"i feel like something terrible is happening","emotion_support"
"im so anxious i cant focus on anything else","emotion_support"
"this result is stuck in my mind and stressing me out","emotion_support"
"i feel hopeless about my nail getting better","emotion_support"
"im scared and i just want reassurance","emotion_support"
"i feel like my anxiety is out of control","emotion_support"
"i’m overwhelmed and don’t know who to turn to","emotion_support"
"this scan is making me overthink everything","emotion_support"
"i feel very scared about my future health","emotion_support"
"im emotionally exhausted from worrying about this","emotion_support"
"i feel like i cant handle this news","emotion_support"
"im terrified something serious is being missed","emotion_support"
"i feel so uneasy i cant sleep","emotion_support"
"my fear about this result is really heavy","emotion_support"
"i just need some comfort because i’m really scared","emotion_support"
"im really scared about what the app found","emotion_support"
"i feel very anxious after seeing my result","emotion_support"
"this result is making me panic a lot","emotion_support"
"im worried and i need some reassurance","emotion_support"
"i feel overwhelmed and scared about my nail","emotion_support"

